letterboxd_title,letterboxd_year,rating,liked,tmdb_id,tmdb_title,genres,runtime,release_year,original_language,director,tmdb_vote_avg,tmdb_vote_count,tmdb_popularity,budget,imdb_rating,imdb_votes,rt_score,awards,country
La Haine,1995,5.0,1,406,La Haine,Drama,98,1995,fr,Mathieu Kassovitz,8.085,4494,7.1621,2600000,8.1,223323,96,1,France
Do the Right Thing,1989,5.0,1,925,Do the Right Thing,Drama,120,1989,en,Spike Lee,7.765,1969,4.4603,6500000,7.9,123086,92,1,United States
There Will Be Blood,2007,5.0,1,7345,There Will Be Blood,Drama,158,2007,en,Paul Thomas Anderson,8.077,7342,10.6457,25000000,8.2,700517,91,1,United States
The Matrix,1999,5.0,1,603,The Matrix,Action|Science Fiction,136,1999,en,Lana Wachowski,8.241,27635,27.7242,63000000,8.7,2228203,83,1,United States
Lost in Translation,2003,4.0,1,153,Lost in Translation,Drama|Comedy|Romance,102,2003,en,Sofia Coppola,7.383,8000,8.5356,4000000,7.7,525233,95,1,United States
Past Lives,2023,3.0,0,666277,Past Lives,Drama|Romance,106,2023,en,Celine Song,7.716,2257,17.6887,12000000,7.8,169739,95,1,United States
Get Out,2017,3.0,0,419430,Get Out,Mystery|Thriller|Horror,104,2017,en,Jordan Peele,7.6,18735,11.8634,4500000,7.8,805598,98,1,United States
Pierrot le Fou,1965,4.5,1,2786,Pierrot le Fou,Drama|Romance|Crime,110,1965,fr,Jean-Luc Godard,7.34,928,2.6443,300000,7.4,39867,88,1,France
Drive My Car,2021,5.0,1,758866,Drive My Car,Drama,179,2021,ja,Ryusuke Hamaguchi,7.442,1473,5.111,1300000,7.5,74349,97,1,Japan
Four Nights of a Dreamer,1971,2.0,0,55847,Four Nights of a Dreamer,Drama|Romance,82,1972,fr,Robert Bresson,7.107,107,1.1469,0,7.3,3261,91,1,France
The Usual Suspects,1995,2.5,0,629,The Usual Suspects,Drama|Crime|Thriller,106,1995,en,Bryan Singer,8.2,11287,11.7316,6000000,8.5,1229658,87,1,United States
Apocalypse Now,1979,5.0,1,28,Apocalypse Now,Drama|War,147,1979,en,Francis Ford Coppola,8.268,8987,11.935,31500000,8.4,765157,91,1,United States
Mulholland Drive,2001,5.0,1,1018,Mulholland Drive,Thriller|Drama|Mystery,147,2001,en,David Lynch,7.803,6959,9.484,15000000,7.9,415244,84,1,France
Amélie,2001,3.0,0,194,Amélie,Comedy|Romance,122,2001,fr,Jean-Pierre Jeunet,7.919,12308,9.0463,10000000,8.3,834716,90,1,France
Heat,1995,3.0,0,949,Heat,Crime|Drama|Action,170,1995,en,Michael Mann,7.931,8222,16.3967,60000000,8.3,793928,84,1,United States
The Shawshank Redemption,1994,3.5,1,278,The Shawshank Redemption,Drama|Crime,142,1994,en,Frank Darabont,8.718,30083,47.7653,25000000,9.3,3164324,89,1,United States
Yi Yi,2000,4.0,1,25538,Yi Yi,Drama,174,2000,zh,Edward Yang,7.944,659,5.5565,0,8.1,33452,,1,Taiwan
Back to the Future,1985,3.5,1,105,Back to the Future,Adventure|Comedy|Science Fiction,116,1985,en,Robert Zemeckis,8.325,21594,25.429,19000000,8.5,1436086,93,1,United States
Anatomy of a Fall,2023,4.0,1,915935,Anatomy of a Fall,Thriller|Mystery|Crime,151,2023,fr,Justine Triet,7.523,3223,5.836,6700000,7.6,205092,96,1,France
L'Argent,1983,3.5,1,42112,L'Argent,Crime|Drama,85,1983,fr,Robert Bresson,6.937,285,1.673,0,7.4,12253,97,1,France
Parasite,2019,4.0,1,496243,Parasite,Comedy|Thriller|Drama,133,2019,ko,Bong Joon Ho,8.493,20389,33.5434,11363000,8.5,1148210,99,1,South Korea
City of God,2002,4.0,1,598,City of God,Drama|Crime,129,2002,pt,Fernando Meirelles,8.429,8094,14.7984,3300000,8.6,865072,91,1,Brazil
Touki Bouki,1973,4.5,1,77771,Touki Bouki,Drama|Romance,91,1973,wo,Djibril Diop Mambéty,6.65,113,0.6367,0,7.0,4356,88,1,Senegal
Friday,1995,3.5,1,10634,Friday,Comedy|Drama,91,1995,en,F. Gary Gray,7.138,1984,6.5547,3500000,7.2,134571,,1,United States
Paid in Full,2002,4.0,1,13098,Paid in Full,Action|Crime|Drama,98,2002,en,Charles Stone III,6.8,238,2.3092,0,7.0,15764,53,1,United States
Oldboy,2003,4.0,1,670,Oldboy,Drama|Thriller|Mystery|Action,120,2003,ko,Park Chan-wook,8.239,9712,17.3838,3000000,8.3,710562,82,1,South Korea
Portrait of a Lady on Fire,2019,3.5,1,531428,Portrait of a Lady on Fire,Drama|Romance,121,2019,fr,Céline Sciamma,8.099,2892,6.7257,5740000,8.0,124344,97,1,France
Breathless,1960,4.0,1,269,Breathless,Drama|Crime,90,1960,fr,Jean-Luc Godard,7.5,2015,3.9581,80000,7.7,92351,95,1,France
Cléo from 5 to 7,1962,3.5,1,499,Cléo from 5 to 7,Drama,90,1962,fr,Agnès Varda,7.657,765,4.3101,0,7.8,30401,93,1,France
Ghost in the Shell,1995,3.0,0,9323,Ghost in the Shell,Action|Animation|Science Fiction,83,1995,ja,Mamoru Oshii,7.929,3826,9.0004,3000000,7.9,171829,95,1,Japan
Dune,2021,2.5,0,438631,Dune,Science Fiction|Adventure,155,2021,en,Denis Villeneuve,7.78,14694,25.3612,165000000,8.0,1026107,83,1,United States
A Summer's Tale,1996,4.0,1,37563,A Summer's Tale,Romance|Drama|Comedy,114,1996,fr,Éric Rohmer,7.3,255,1.071,0,7.6,11783,98,1,France
Punch-Drunk Love,2002,3.0,0,8051,Punch-Drunk Love,Romance|Drama|Comedy,96,2002,en,Paul Thomas Anderson,7.102,2704,4.6752,25000000,7.3,195534,79,1,United States
Taste of Cherry,1997,4.5,1,30020,Taste of Cherry,Drama,99,1997,fa,Abbas Kiarostami,7.7,695,4.6468,120000,7.7,40897,83,1,Iran
Beau Travail,1999,2.5,0,14626,Beau Travail,Drama,93,2000,fr,Claire Denis,7.108,358,2.5782,0,7.3,17708,87,1,France
Boogie Nights,1997,4.0,1,4995,Boogie Nights,Drama,156,1997,en,Paul Thomas Anderson,7.6,3517,6.5402,15000000,7.9,294236,91,1,United States
A Brighter Summer Day,1991,3.5,1,15804,A Brighter Summer Day,Crime|Drama|Romance,237,1991,zh,Edward Yang,8.253,380,6.5934,0,8.2,14580,100,1,Taiwan
Rosemary's Baby,1968,3.5,1,805,Rosemary's Baby,Drama|Horror|Thriller,138,1968,en,Roman Polanski,7.819,4323,5.5697,3200000,8.0,250536,97,1,United States
Mars Express,2023,3.0,0,586810,Mars Express,Animation|Science Fiction|Thriller,89,2023,fr,Jérémie Périn,7.463,517,1.5611,7900000,7.5,12986,100,1,France
Le Samouraï,1967,3.5,1,5511,Le Samouraï,Crime|Thriller|Drama,105,1967,fr,Jean-Pierre Melville,7.77,1235,3.558,0,8.0,63197,92,1,France
All About Lily Chou-Chou,2001,3.0,0,16664,All About Lily Chou-Chou,Drama|Crime,146,2001,ja,Shunji Iwai,7.4,282,5.385,1250000,7.5,13075,68,1,Japan
Malcolm X,1992,4.0,1,1883,Malcolm X,Drama|History,202,1992,en,Spike Lee,7.549,1873,5.0786,34000000,7.7,110202,89,1,Japan
Close-Up,1990,5.0,1,30017,Close-Up,Crime|Drama,98,1990,fa,Abbas Kiarostami,7.94,445,1.8338,0,8.2,24478,89,1,Iran
Incendies,2010,3.0,0,46738,Incendies,Drama|War|Mystery,131,2010,fr,Denis Villeneuve,8.101,3217,7.4487,6800000,8.3,243446,91,1,Canada
The Deer Hunter,1978,3.0,0,11778,The Deer Hunter,Drama|War,183,1978,en,Michael Cimino,7.977,4195,7.0662,15000000,8.1,384814,86,1,United States
The Green Ray,1986,2.5,0,54898,The Green Ray,Drama|Romance,99,1986,fr,Éric Rohmer,7.46,278,1.5261,0,7.6,10916,94,1,France
Akira,1988,3.5,1,149,Akira,Animation|Science Fiction|Action,124,1988,ja,Katsuhiro Otomo,7.945,4706,10.1237,5700000,8.0,223673,91,1,Japan
"The Devil, Probably",1977,4.0,1,32097,"The Devil, Probably",Drama,97,1977,fr,Robert Bresson,6.773,130,0.9093,0,7.0,5363,85,1,France
Black Girl,1966,4.0,1,95597,Black Girl,Drama,65,1966,fr,Ousmane Sembène,7.2,168,1.1479,0,7.4,6363,94,1,Senegal
Shoplifters,2018,4.5,1,505192,Shoplifters,Drama|Crime|Thriller,120,2018,ja,Hirokazu Kore-eda,7.8,2270,4.8756,0,7.9,94390,99,1,Japan
Menace II Society,1993,4.0,1,9516,Menace II Society,Drama|Crime|Thriller,97,1993,en,Albert Hughes,7.491,882,5.0537,3500000,7.5,68471,84,1,United States
Dog Day Afternoon,1975,4.5,1,968,Dog Day Afternoon,Crime|Drama|Thriller,124,1975,en,Sidney Lumet,7.844,3324,4.3921,1800000,8.0,286476,96,1,United States
Chinatown,1974,4.5,1,829,Chinatown,Crime|Drama|Mystery|Thriller,130,1974,en,Roman Polanski,7.91,4216,5.8361,6000000,8.1,374788,98,1,United States
Blue Velvet,1986,4.5,1,793,Blue Velvet,Mystery|Thriller|Crime,120,1986,en,David Lynch,7.6,3782,6.3598,6000000,7.7,234565,91,1,United States
Eyes Wide Shut,1999,1.0,0,345,Eyes Wide Shut,Drama|Thriller|Mystery,160,1999,en,Stanley Kubrick,7.487,6954,14.8213,65000000,7.5,424194,76,1,United Kingdom
The Wolf of Wall Street,2013,1.5,0,106646,The Wolf of Wall Street,Crime|Drama|Comedy,180,2013,en,Martin Scorsese,8.028,25719,21.9354,100000000,8.2,1759293,79,1,United States
2001: A Space Odyssey,1968,2.5,0,62,2001: A Space Odyssey,Science Fiction|Mystery|Adventure,149,1968,en,Stanley Kubrick,8.054,12468,15.1343,12000000,8.3,772787,90,1,United Kingdom
"Paris, Texas",1984,4.0,1,655,"Paris, Texas",Drama,145,1984,en,Wim Wenders,8.098,2183,6.3621,1750000,8.1,139064,95,1,West Germany
Step Brothers,2008,0.5,0,12133,Step Brothers,Comedy,98,2008,en,Adam McKay,6.56,3361,5.9786,65000000,6.9,337892,54,1,United States
The Intouchables,2011,0.5,0,77338,The Intouchables,Drama|Comedy,113,2011,fr,Olivier Nakache,8.269,18280,13.0394,13000000,8.5,1017608,75,1,France
Bullet Train,2022,1.5,0,718930,Bullet Train,Action|Comedy|Thriller,126,2022,en,David Leitch,7.413,7393,13.2067,90000000,7.3,519374,52,1,United States
Léon: The Professional,1994,1.0,0,101,Léon: The Professional,Crime|Drama|Action,111,1994,fr,Luc Besson,8.295,15944,21.2246,16000000,8.5,1340323,76,1,France
Django Unchained,2012,1.0,0,68718,Django Unchained,Drama|Western,165,2012,en,Quentin Tarantino,8.2,27816,13.8904,100000000,8.5,1864939,87,1,United States
Pulp Fiction,1994,2.5,0,680,Pulp Fiction,Thriller|Crime|Comedy,154,1994,en,Quentin Tarantino,8.486,29968,33.4552,8000000,8.8,2410498,92,1,United States
The Descendants,2011,2.0,0,65057,The Descendants,Comedy|Drama,115,2011,en,Alexander Payne,6.836,3038,3.2333,20000000,7.3,258506,88,1,United States
Uncharted,2022,0.5,0,335787,Uncharted,Action|Adventure,116,2022,en,Ruben Fleischer,6.869,6697,10.0513,120000000,6.3,296293,,1,Spain
Tenet,2020,1.5,0,577922,Tenet,Action|Thriller|Science Fiction,150,2020,en,Christopher Nolan,7.173,10982,12.5334,205000000,7.3,679078,70,1,United States
Forrest Gump,1994,2.0,0,13,Forrest Gump,Comedy|Drama|Romance,142,1994,en,Robert Zemeckis,8.464,29499,26.5143,55000000,8.8,2477413,75,1,United States
The Grand Budapest Hotel,2014,3.0,0,120467,The Grand Budapest Hotel,Comedy|Drama,100,2014,en,Wes Anderson,8.0,15939,12.4795,30000000,8.1,956421,92,1,United States
Taxi Driver,1976,4.0,1,103,Taxi Driver,Crime|Drama,114,1976,en,Martin Scorsese,8.128,13311,13.943,1900000,8.2,1016941,89,1,United States
Prisoners,2013,3.5,1,146233,Prisoners,Drama|Thriller|Crime,153,2013,en,Denis Villeneuve,8.1,12912,11.6553,46000000,8.2,922474,81,1,United States
Memories of Murder,2003,3.5,1,11423,Memories of Murder,Crime|Drama|Thriller,131,2003,ko,Bong Joon Ho,8.056,4503,10.7504,2800000,8.1,262200,,1,South Korea
In the Mood for Love,2000,3.0,0,843,In the Mood for Love,Drama|Romance,99,2000,cn,Wong Kar-Wai,8.1,3203,9.589,3000000,8.0,184505,92,1,Hong Kong
Se7en,1995,3.5,1,807,Se7en,Crime|Mystery|Thriller,127,1995,en,David Fincher,8.4,22868,25.5013,33000000,8.6,1995504,84,1,United States
Fight Club,1999,3.0,0,550,Fight Club,Drama|Thriller,139,1999,en,David Fincher,8.439,31761,25.4419,63000000,8.8,2567948,81,1,United States
Joker,2019,1.5,0,475557,Joker,Crime|Thriller|Drama,122,2019,en,Todd Phillips,8.126,27520,21.1528,55000000,8.3,1675451,68,1,United States
Kill Bill: Vol. 1,2003,3.0,0,24,Kill Bill: Vol. 1,Action|Crime,111,2003,en,Quentin Tarantino,8.0,18760,14.3964,30000000,8.2,1295392,85,1,United States
The Godfather,1972,3.0,0,238,The Godfather,Drama|Crime,175,1972,en,Francis Ford Coppola,8.7,22726,41.8499,6000000,9.2,2205717,97,1,United States
The Godfather Part II,1974,4.0,1,240,The Godfather Part II,Drama|Crime,202,1974,en,Francis Ford Coppola,8.572,13768,25.1852,13000000,9.0,1478804,96,1,United States
The Prestige,2006,2.5,0,1124,The Prestige,Drama|Mystery|Science Fiction,130,2006,en,Christopher Nolan,8.207,17408,16.8518,40000000,8.5,1573561,77,1,United Kingdom
Les Misérables,2019,2.5,0,586863,Les Misérables,Crime|Drama|Thriller,104,2019,fr,Ladj Ly,7.567,1598,2.937,2500000,7.6,30195,,1,France
Uncut Gems,2019,2.5,0,473033,Uncut Gems,Drama|Thriller|Crime,136,2019,en,Josh Safdie,7.16,5313,5.9995,19000000,7.4,351556,91,1,United States
Fantastic Mr. Fox,2009,3.0,0,10315,Fantastic Mr. Fox,Adventure|Animation|Comedy|Family,87,2009,en,Wes Anderson,7.822,6026,6.5897,40000000,7.9,296911,93,1,United States
The Social Network,2010,3.0,0,37799,The Social Network,Drama,121,2010,en,David Fincher,7.372,13048,9.9831,40000000,7.8,812001,96,1,United States
TÁR,2022,4.0,1,817758,TÁR,Music|Drama,158,2022,en,Todd Field,7.102,1499,3.6673,35000000,7.4,108148,,1,United States
The Shining,1980,2.5,0,694,The Shining,Horror|Thriller,144,1980,en,Stanley Kubrick,8.205,18767,15.8288,19000000,8.4,1216349,84,1,United Kingdom
Inglourious Basterds,2009,2.5,0,16869,Inglourious Basterds,Drama|Thriller|War,153,2009,en,Quentin Tarantino,8.2,23984,15.6963,70000000,8.4,1762277,89,1,United States
Jackie Brown,1997,3.0,0,184,Jackie Brown,Crime|Drama|Thriller,154,1997,en,Quentin Tarantino,7.358,6882,6.5727,12000000,7.5,400150,88,1,United States
Once Upon a Time... in Hollywood,2019,2.0,0,466272,Once Upon a Time... in Hollywood,Comedy|Drama|Thriller,162,2019,en,Quentin Tarantino,7.424,14713,16.7719,95000000,7.6,951384,86,1,United States
The Hateful Eight,2015,1.5,0,273248,The Hateful Eight,Drama|Mystery|Western,188,2015,en,Quentin Tarantino,7.757,15161,8.9771,44000000,7.8,718072,74,1,United States
Reservoir Dogs,1992,2.5,0,500,Reservoir Dogs,Crime|Thriller,99,1992,en,Quentin Tarantino,8.116,15322,10.4135,1200000,8.3,1164336,90,1,United States
Au Hasard Balthazar,1966,3.0,0,20108,Au Hasard Balthazar,Drama,96,1966,fr,Robert Bresson,7.524,504,1.787,0,7.7,23450,100,1,France
Dune: Part Two,2024,2.5,0,693134,Dune: Part Two,Science Fiction|Adventure,167,2024,en,Denis Villeneuve,8.1,7767,23.517,190000000,8.4,713701,92,1,United States
Die Hard,1988,3.0,0,562,Die Hard,Action|Thriller,132,1988,en,John McTiernan,7.808,12161,13.284,28000000,8.2,1021784,94,1,United States
The Godfather Part III,1990,1.0,0,242,The Godfather Part III,Crime|Drama|Thriller,162,1990,en,Francis Ford Coppola,7.419,6793,11.6382,54000000,7.5,451848,66,1,United States
First Blood,1982,3.0,0,1368,First Blood,Action|Adventure|Thriller|War,93,1982,en,Ted Kotcheff,7.5,6820,10.1108,15000000,7.7,299053,86,1,United States
The 400 Blows,1959,4.0,1,147,The 400 Blows,Drama,99,1959,fr,François Truffaut,8.0,2312,3.3912,0,8.0,133834,99,1,France
Guy Ritchie's The Covenant,2023,1.0,0,882569,Guy Ritchie's The Covenant,War|Action|Thriller,123,2023,en,Guy Ritchie,7.717,3113,9.9965,55000000,,,,,
Top Gun: Maverick,2022,1.0,0,361743,Top Gun: Maverick,Action|Drama,131,2022,en,Joseph Kosinski,8.152,10748,21.011,170000000,8.2,845767,96,1,United States
Catch Me If You Can,2002,2.5,0,640,Catch Me If You Can,Drama|Crime,141,2002,en,Steven Spielberg,7.977,16929,12.5873,52000000,8.1,1221144,96,1,United States
Saving Private Ryan,1998,2.0,0,857,Saving Private Ryan,War|Drama|History,169,1998,en,Steven Spielberg,8.223,17044,15.4029,70000000,8.6,1624514,94,1,United States
Wheel of Fortune and Fantasy,2021,3.5,1,795811,Wheel of Fortune and Fantasy,Drama|Romance,121,2021,ja,Ryusuke Hamaguchi,7.207,355,2.8029,0,7.5,11207,99,1,Japan
Fargo,1996,2.5,0,275,Fargo,Crime|Drama|Thriller,98,1996,en,Joel Coen,7.85,9004,9.1025,7000000,8.1,780547,94,1,United Kingdom
Coming to America,1988,2.0,0,9602,Coming to America,Comedy|Romance,117,1988,en,John Landis,6.876,4695,7.0648,30000000,7.1,238307,73,1,United States
Scarface,1983,3.0,0,111,Scarface,Action|Crime|Drama,170,1983,en,Brian De Palma,8.155,12879,17.1314,25000000,8.3,1005376,79,1,United States
Monster,2023,4.0,1,1203484,Monster,Thriller|Horror,84,2023,xx,Rako Prijanto,5.009,57,0.8036,0,7.8,40489,97,1,Japan
The Handmaiden,2016,2.5,0,290098,The Handmaiden,Thriller|Drama|Romance,145,2016,ko,Park Chan-wook,8.189,4255,16.9223,8575000,8.1,199145,96,1,South Korea
Moolaadé,2004,4.0,1,39504,Moolaadé,Drama,124,2004,bm,Ousmane Sembène,7.2,74,0.8954,0,7.6,4215,99,1,Senegal
Spirited Away,2001,3.5,1,129,Spirited Away,Animation|Family|Fantasy,125,2001,ja,Hayao Miyazaki,8.533,18147,32.084,19000000,8.6,954145,96,1,Japan
Fallen Angels,1995,3.0,0,11220,Fallen Angels,Action|Romance|Crime,98,1995,cn,Wong Kar-Wai,7.7,1272,8.0398,0,7.5,56485,95,1,Hong Kong
Perfect Days,2023,2.0,0,976893,Perfect Days,Drama,124,2023,ja,Wim Wenders,7.789,1854,8.128,14000000,7.9,101049,96,1,Japan
Vertigo,1958,3.5,1,426,Vertigo,Mystery|Romance|Thriller,128,1958,en,Alfred Hitchcock,8.147,6274,6.8977,2479000,8.2,456449,93,1,United States
Chungking Express,1994,4.0,1,11104,Chungking Express,Drama|Comedy|Romance,103,1994,cn,Wong Kar-Wai,8.0,2153,9.5396,160000,7.9,108698,89,1,Hong Kong
GoodFellas,1990,4.0,1,769,GoodFellas,Drama|Crime,145,1990,en,Martin Scorsese,8.453,14190,25.1852,25000000,8.7,1378825,93,1,United States
Taipei Story,1985,3.0,0,106380,Taipei Story,Drama,120,1985,zh,Edward Yang,7.4,131,2.1611,0,7.6,4465,100,1,Taiwan
Magnolia,1999,3.5,1,334,Magnolia,Drama,189,1999,en,Paul Thomas Anderson,7.733,3963,6.3659,37000000,8.0,341915,82,1,United States
Saint Omer,2022,3.0,0,925943,Saint Omer,Drama|Crime,123,2022,fr,Alice Diop,6.169,202,1.2584,0,6.8,5612,95,1,France
Blow Out,1981,3.5,1,11644,Blow Out,Crime|Mystery|Thriller,108,1981,en,Brian De Palma,7.365,1649,3.2574,18000000,7.4,74172,88,1,United States
A Taxi Driver,2017,2.0,0,437068,A Taxi Driver,Action|Drama|History,138,2017,ko,Jang Hoon,8.032,1142,5.6637,12820005,7.9,37112,97,1,South Korea
Emitaï,1971,4.5,1,128395,Emitaï,Drama,101,1973,wo,Ousmane Sembène,7.3,15,0.2467,0,7.1,588,,1,Senegal
Hyenas,1992,5.0,1,124085,Hyenas,Drama|Comedy,110,1992,wo,Djibril Diop Mambéty,7.1,35,0.6143,0,7.4,1401,91,1,Senegal
Memento,2000,3.0,0,77,Memento,Mystery|Thriller,113,2000,en,Christopher Nolan,8.2,16074,10.9818,9000000,8.4,1424930,93,1,United States
Lawrence of Arabia,1962,4.5,1,947,Lawrence of Arabia,Adventure|History|War,228,1962,en,David Lean,7.996,3380,6.4351,15000000,8.3,334419,93,1,United Kingdom
Nobody Knows,2004,3.5,1,2517,Nobody Knows,Drama,141,2004,ja,Hirokazu Kore-eda,8.0,628,4.38,0,8.0,35056,92,1,Japan
Once Upon a Time in Anatolia,2011,4.5,1,74879,Once Upon a Time in Anatolia,Drama|Crime,163,2011,tr,Nuri Bilge Ceylan,7.467,533,2.1038,0,7.8,52902,92,1,Turkey
The Piano Teacher,2001,2.0,0,1791,The Piano Teacher,Drama|Romance,131,2001,fr,Michael Haneke,7.3,1252,5.9627,6200000,7.5,78387,75,1,France
Thief,1981,3.5,1,11524,Thief,Crime|Thriller|Drama,123,1981,en,Michael Mann,7.21,816,4.2759,5500000,7.4,42015,80,1,United States
Full Metal Jacket,1987,3.0,0,600,Full Metal Jacket,Drama|War,117,1987,en,Stanley Kubrick,8.12,11339,9.0627,30000000,8.2,846327,90,1,United Kingdom
"Like Father, Like Son",2013,3.5,1,177945,"Like Father, Like Son",Drama,120,2013,ja,Hirokazu Kore-eda,7.697,791,4.835,0,7.8,30085,86,1,Japan
Souleymane's Story,2024,4.0,1,1158996,Souleymane's Story,Drama,94,2024,fr,Boris Lojkine,7.5,372,1.9287,0,7.7,2337,100,1,France
Kiki's Delivery Service,1989,3.5,1,16859,Kiki's Delivery Service,Animation|Family|Fantasy|Drama,103,1989,ja,Hayao Miyazaki,7.834,4516,13.279,6900000,7.8,185670,,1,Japan
Final Destination Bloodlines,2025,2.0,0,574475,Final Destination Bloodlines,Horror|Mystery,110,2025,en,Adam B. Stein,7.05,2754,21.1576,50000000,6.7,152230,92,1,United States
Solaris,1972,4.0,1,593,Solaris,Drama|Science Fiction|Mystery,167,1972,ru,Andrei Tarkovsky,7.771,1814,3.8712,0,7.9,104549,92,1,Soviet Union
The Night of Counting the Years,1969,4.0,1,46707,The Night of Counting the Years,Drama|History,102,1969,ar,Shadi Abdel Salam,7.7,58,0.634,0,,,,,
The Umbrellas of Cherbourg,1964,4.0,1,5967,The Umbrellas of Cherbourg,Drama|Romance,93,1964,fr,Jacques Demy,7.394,870,2.2241,200000,7.8,32696,97,1,France
Conclave,2024,3.0,0,974576,Conclave,Drama|Thriller,120,2024,en,Edward Berger,7.195,3311,10.1687,20000000,7.4,250327,93,1,United Kingdom
The Aviator's Wife,1981,4.5,1,27145,The Aviator's Wife,Drama|Comedy|Romance,106,1981,fr,Éric Rohmer,7.2,120,0.8882,0,7.5,5348,82,1,France
Boyfriends and Girlfriends,1987,4.0,1,64544,Boyfriends and Girlfriends,Romance|Drama|Comedy,103,1987,fr,Éric Rohmer,7.1,128,0.8862,0,7.5,5921,100,1,France
My Night at Maud's,1969,5.0,1,48831,My Night at Maud's,Romance|Comedy|Drama,110,1969,fr,Éric Rohmer,7.7,351,1.7538,0,7.8,14935,96,1,France
Day for Night,1973,4.5,1,1675,Day for Night,Comedy|Drama,116,1973,fr,François Truffaut,7.8,645,1.3715,700000,8.0,26029,98,1,France
Soundtrack to a Coup d'Etat,2024,4.0,1,1214539,Soundtrack to a Coup d'Etat,Documentary|History|Music,150,2024,fr,Johan Grimonprez,7.7,62,1.0292,0,7.8,3687,97,1,Belgium
Ford v Ferrari,2019,2.5,0,359724,Ford v Ferrari,Drama|Action|History,153,2019,en,James Mangold,8.005,8866,10.2015,97600000,8.1,553839,92,1,United States
Cure,1997,3.0,0,36095,Cure,Crime|Thriller|Horror|Mystery,111,1997,ja,Kiyoshi Kurosawa,7.531,761,7.9298,20000,7.5,36727,94,1,Japan
La Cérémonie,1995,4.0,1,1802,La Cérémonie,Drama|Thriller,112,1995,fr,Claude Chabrol,7.279,393,2.4304,0,6.1,16,,0,France
The Master,2012,4.0,1,68722,The Master,Drama,137,2012,en,Paul Thomas Anderson,7.101,3269,4.8806,32000000,7.1,197015,85,1,United States
Phantom Thread,2017,4.0,1,400617,Phantom Thread,Drama|Romance,130,2017,en,Paul Thomas Anderson,7.316,3758,5.5507,35000000,7.4,156650,91,1,United States
Barry Lyndon,1975,3.5,1,3175,Barry Lyndon,Drama|Romance|War|History,188,1975,en,Stanley Kubrick,8.0,3149,5.349,11000000,8.1,202448,78,1,United Kingdom
One Battle After Another,2025,3.0,0,1054867,One Battle After Another,Thriller|Crime|Comedy,162,2025,en,Paul Thomas Anderson,7.37,3449,35.4948,175000000,7.7,329147,95,1,United States
Vagabond,1985,3.0,0,44018,Vagabond,Drama,106,1985,fr,Agnès Varda,7.354,359,1.6033,0,7.6,15366,100,1,France
Soleil O,1970,5.0,1,195841,Soleil O,Drama,104,1973,fr,Med Hondo,6.8,23,0.4102,0,8.4,89,,0,Canada
Love in the Afternoon,1972,3.5,1,12116,Love in the Afternoon,Drama|Romance,97,1972,fr,Éric Rohmer,7.3,210,1.3699,0,7.6,10111,87,1,France
La Jetée,1962,4.0,1,662,La Jetée,Drama|Romance|Science Fiction,29,1962,fr,Chris Marker,7.879,991,1.9077,0,8.2,37834,90,1,France
Fireworks,1997,4.5,1,5910,Fireworks,Crime|Drama,103,1997,ja,Takeshi Kitano,7.666,766,3.6528,0,7.7,34784,96,1,Japan
Training Day,2001,4.0,1,2034,Training Day,Action|Crime|Drama,122,2001,en,Antoine Fuqua,7.517,6510,7.3734,45000000,7.8,512753,74,1,United States
Good Will Hunting,1997,3.0,0,489,Good Will Hunting,Drama,127,1997,en,Gus Van Sant,8.159,13692,13.7049,10000000,8.3,1186230,97,1,United States
Chameleon Street,1989,3.5,1,102831,Chameleon Street,Comedy|Drama|Crime,94,1991,en,Wendell B. Harris Jr.,6.6,29,0.878,0,6.9,1278,100,1,United States
Rear Window,1954,4.5,1,567,Rear Window,Thriller|Mystery,112,1954,en,Alfred Hitchcock,8.341,7092,9.52,1000000,8.5,561392,99,1,United States
On Becoming a Guinea Fowl,2024,3.5,1,1082938,On Becoming a Guinea Fowl,Comedy|Drama,99,2024,en,Rungano Nyoni,7.559,34,0.7439,0,7.0,1554,100,1,United Kingdom
Princess Mononoke,1997,4.0,1,128,Princess Mononoke,Adventure|Fantasy|Animation,134,1997,ja,Hayao Miyazaki,8.325,8892,15.9089,23500000,8.3,477867,93,1,Japan
Marty Supreme,2025,3.0,0,1317288,Marty Supreme,Drama|Thriller,150,2025,en,Josh Safdie,7.413,1546,27.1784,65000000,8.1,60529,94,1,Finland
First Reformed,2017,4.0,1,458737,First Reformed,Drama,113,2018,en,Paul Schrader,6.977,1447,3.7794,3500000,7.1,65739,94,1,United States
Sarraounia,1986,5.0,1,162532,Sarraounia,War|Drama|History,120,1986,fr,Med Hondo,6.4,8,0.6467,0,7.1,216,,1,Burkina Faso
Camp de Thiaroye,1988,4.5,1,103203,Camp de Thiaroye,War|Drama,154,1988,fr,Thierno Faty Sow,7.4,21,0.3418,0,7.7,622,100,1,Senegal
West Indies,1979,5.0,1,271858,West Indies,Music|History|Drama,116,1979,fr,Med Hondo,6.4,13,0.6078,1350000,7.1,331,,0,France
Kaili Blues,2015,4.0,1,362178,Kaili Blues,Drama|Mystery,113,2016,zh,Bi Gan,7.1,144,2.1051,150000,7.3,4724,97,1,China
Project Hail Mary,2026,2.5,0,687163,Project Hail Mary,Science Fiction|Adventure,157,2026,en,Phil Lord,8.205,1251,207.0169,200000000,,,,1,United States
